time_s,queue_interactive,queue_agent,active,principal,class,limit,outstanding,revision
-1.2557830810546875,0,0,0,demo-owner,agent,5,0,1
-1.2557830810546875,0,0,0,demo-owner,interactive,10,0,1
-1.2557830810546875,0,0,0,other-owner,agent,5,0,1
-1.2058489322662354,0,0,1,demo-owner,agent,5,1,1
-1.2058489322662354,0,0,1,demo-owner,interactive,10,0,1
-1.2058489322662354,0,0,1,other-owner,agent,5,0,1
-1.1543691158294678,0,0,1,demo-owner,agent,5,1,1
-1.1543691158294678,0,0,1,demo-owner,interactive,10,0,1
-1.1543691158294678,0,0,1,other-owner,agent,5,0,1
-1.1053659915924072,0,0,1,demo-owner,agent,5,1,1
-1.1053659915924072,0,0,1,demo-owner,interactive,10,0,1
-1.1053659915924072,0,0,1,other-owner,agent,5,0,1
-1.0548748970031738,0,0,1,demo-owner,agent,5,1,1
-1.0548748970031738,0,0,1,demo-owner,interactive,10,0,1
-1.0548748970031738,0,0,1,other-owner,agent,5,0,1
-1.004883050918579,0,0,1,demo-owner,agent,5,0,1
-1.004883050918579,0,0,1,demo-owner,interactive,10,0,1
-1.004883050918579,0,0,1,other-owner,agent,5,1,1
-0.9547779560089111,0,0,1,demo-owner,agent,5,0,1
-0.9547779560089111,0,0,1,demo-owner,interactive,10,0,1
-0.9547779560089111,0,0,1,other-owner,agent,5,1,1
-0.9042370319366455,0,0,1,demo-owner,agent,5,0,1
-0.9042370319366455,0,0,1,demo-owner,interactive,10,0,1
-0.9042370319366455,0,0,1,other-owner,agent,5,1,1
-0.854788064956665,0,0,1,demo-owner,agent,5,0,1
-0.854788064956665,0,0,1,demo-owner,interactive,10,0,1
-0.854788064956665,0,0,1,other-owner,agent,5,1,1
-0.8051578998565674,0,0,1,demo-owner,agent,5,0,1
-0.8051578998565674,0,0,1,demo-owner,interactive,10,0,1
-0.8051578998565674,0,0,1,other-owner,agent,5,1,1
-0.7545011043548584,0,0,1,demo-owner,agent,5,0,1
-0.7545011043548584,0,0,1,demo-owner,interactive,10,1,1
-0.7545011043548584,0,0,1,other-owner,agent,5,0,1
-0.7054910659790039,0,0,1,demo-owner,agent,5,0,1
-0.7054910659790039,0,0,1,demo-owner,interactive,10,1,1
-0.7054910659790039,0,0,1,other-owner,agent,5,0,1
-0.6544480323791504,0,0,1,demo-owner,agent,5,0,1
-0.6544480323791504,0,0,1,demo-owner,interactive,10,1,1
-0.6544480323791504,0,0,1,other-owner,agent,5,0,1
-0.6047248840332031,0,0,1,demo-owner,agent,5,0,1
-0.6047248840332031,0,0,1,demo-owner,interactive,10,1,1
-0.6047248840332031,0,0,1,other-owner,agent,5,0,1
-0.5542008876800537,0,0,0,demo-owner,agent,5,0,1
-0.5542008876800537,0,0,0,demo-owner,interactive,10,0,1
-0.5542008876800537,0,0,0,other-owner,agent,5,0,1
-0.5059781074523926,0,0,0,demo-owner,agent,5,0,1
-0.5059781074523926,0,0,0,demo-owner,interactive,10,0,1
-0.5059781074523926,0,0,0,other-owner,agent,5,0,1
-0.45509791374206543,0,0,0,demo-owner,agent,5,0,1
-0.45509791374206543,0,0,0,demo-owner,interactive,10,0,1
-0.45509791374206543,0,0,0,other-owner,agent,5,0,1
-0.3994710445404053,0,0,0,demo-owner,agent,5,0,1
-0.3994710445404053,0,0,0,demo-owner,interactive,10,0,1
-0.3994710445404053,0,0,0,other-owner,agent,5,0,1
-0.35515904426574707,0,0,0,demo-owner,agent,5,0,1
-0.35515904426574707,0,0,0,demo-owner,interactive,10,0,1
-0.35515904426574707,0,0,0,other-owner,agent,5,0,1
-0.304826021194458,0,0,0,demo-owner,agent,5,0,1
-0.304826021194458,0,0,0,demo-owner,interactive,10,0,1
-0.304826021194458,0,0,0,other-owner,agent,5,0,1
-0.254378080368042,0,0,0,demo-owner,agent,5,0,1
-0.254378080368042,0,0,0,demo-owner,interactive,10,0,1
-0.254378080368042,0,0,0,other-owner,agent,5,0,1
-0.20455288887023926,0,0,0,demo-owner,agent,5,0,1
-0.20455288887023926,0,0,0,demo-owner,interactive,10,0,1
-0.20455288887023926,0,0,0,other-owner,agent,5,0,1
-0.15460801124572754,0,0,0,demo-owner,agent,5,0,1
-0.15460801124572754,0,0,0,demo-owner,interactive,10,0,1
-0.15460801124572754,0,0,0,other-owner,agent,5,0,1
-0.10594010353088379,0,0,0,demo-owner,agent,5,0,1
-0.10594010353088379,0,0,0,demo-owner,interactive,10,0,1
-0.10594010353088379,0,0,0,other-owner,agent,5,0,1
-0.05437111854553223,0,0,0,demo-owner,agent,5,0,1
-0.05437111854553223,0,0,0,demo-owner,interactive,10,0,1
-0.05437111854553223,0,0,0,other-owner,agent,5,0,1
-0.003715991973876953,0,0,0,demo-owner,agent,5,0,1
-0.003715991973876953,0,0,0,demo-owner,interactive,10,0,1
-0.003715991973876953,0,0,0,other-owner,agent,5,0,1
0.04574108123779297,0,0,3,demo-owner,agent,5,1,1
0.04574108123779297,0,0,3,demo-owner,interactive,10,1,1
0.04574108123779297,0,0,3,other-owner,agent,5,1,1
0.09490609169006348,0,0,6,demo-owner,agent,5,3,1
0.09490609169006348,0,0,6,demo-owner,interactive,10,1,1
0.09490609169006348,0,0,6,other-owner,agent,5,2,1
0.14401698112487793,0,0,9,demo-owner,agent,5,4,1
0.14401698112487793,0,0,9,demo-owner,interactive,10,2,1
0.14401698112487793,0,0,9,other-owner,agent,5,3,1
0.1959390640258789,0,1,10,demo-owner,agent,5,5,1
0.1959390640258789,0,1,10,demo-owner,interactive,10,2,1
0.1959390640258789,0,1,10,other-owner,agent,5,4,1
0.24532508850097656,0,1,10,demo-owner,agent,5,5,1
0.24532508850097656,0,1,10,demo-owner,interactive,10,2,1
0.24532508850097656,0,1,10,other-owner,agent,5,4,1
0.29387903213500977,0,2,10,demo-owner,agent,5,5,1
0.29387903213500977,0,2,10,demo-owner,interactive,10,2,1
0.29387903213500977,0,2,10,other-owner,agent,5,5,1
0.3443920612335205,0,2,10,demo-owner,agent,5,5,1
0.3443920612335205,0,2,10,demo-owner,interactive,10,2,1
0.3443920612335205,0,2,10,other-owner,agent,5,5,1
0.40577006340026855,0,2,10,demo-owner,agent,5,5,1
0.40577006340026855,0,2,10,demo-owner,interactive,10,2,1
0.40577006340026855,0,2,10,other-owner,agent,5,5,1
0.4454669952392578,0,0,10,demo-owner,agent,5,4,1
0.4454669952392578,0,0,10,demo-owner,interactive,10,2,1
0.4454669952392578,0,0,10,other-owner,agent,5,4,1
0.49494504928588867,0,1,10,demo-owner,agent,5,5,1
0.49494504928588867,0,1,10,demo-owner,interactive,10,2,1
0.49494504928588867,0,1,10,other-owner,agent,5,4,1
0.5450570583343506,0,1,10,demo-owner,agent,5,5,1
0.5450570583343506,0,1,10,demo-owner,interactive,10,2,1
0.5450570583343506,0,1,10,other-owner,agent,5,4,1
0.5947558879852295,0,1,10,demo-owner,agent,5,5,1
0.5947558879852295,0,1,10,demo-owner,interactive,10,2,1
0.5947558879852295,0,1,10,other-owner,agent,5,4,1
0.645150899887085,0,1,10,demo-owner,agent,5,5,1
0.645150899887085,0,1,10,demo-owner,interactive,10,2,1
0.645150899887085,0,1,10,other-owner,agent,5,4,1
0.6941330432891846,0,2,10,demo-owner,agent,5,5,1
0.6941330432891846,0,2,10,demo-owner,interactive,10,2,1
0.6941330432891846,0,2,10,other-owner,agent,5,5,1
0.7450659275054932,0,2,10,demo-owner,agent,5,5,1
0.7450659275054932,0,2,10,demo-owner,interactive,10,2,1
0.7450659275054932,0,2,10,other-owner,agent,5,5,1
0.7944729328155518,0,2,10,demo-owner,agent,5,5,1
0.7944729328155518,0,2,10,demo-owner,interactive,10,2,1
0.7944729328155518,0,2,10,other-owner,agent,5,5,1
0.8468329906463623,0,0,10,demo-owner,agent,5,4,1
0.8468329906463623,0,0,10,demo-owner,interactive,10,2,1
0.8468329906463623,0,0,10,other-owner,agent,5,4,1
0.8941860198974609,0,1,10,demo-owner,agent,5,5,1
0.8941860198974609,0,1,10,demo-owner,interactive,10,2,1
0.8941860198974609,0,1,10,other-owner,agent,5,4,1
0.9448840618133545,0,1,10,demo-owner,agent,5,5,1
0.9448840618133545,0,1,10,demo-owner,interactive,10,2,1
0.9448840618133545,0,1,10,other-owner,agent,5,4,1
0.9954419136047363,0,1,10,demo-owner,agent,5,5,1
0.9954419136047363,0,1,10,demo-owner,interactive,10,2,1
0.9954419136047363,0,1,10,other-owner,agent,5,4,1
1.0452799797058105,0,1,10,demo-owner,agent,5,5,1
1.0452799797058105,0,1,10,demo-owner,interactive,10,2,1
1.0452799797058105,0,1,10,other-owner,agent,5,4,1
1.0944879055023193,0,2,10,demo-owner,agent,5,5,1
1.0944879055023193,0,2,10,demo-owner,interactive,10,2,1
1.0944879055023193,0,2,10,other-owner,agent,5,5,1
1.1452059745788574,0,1,10,demo-owner,agent,5,5,1
1.1452059745788574,0,1,10,demo-owner,interactive,10,2,1
1.1452059745788574,0,1,10,other-owner,agent,5,4,1
1.1948120594024658,0,1,10,demo-owner,agent,5,5,1
1.1948120594024658,0,1,10,demo-owner,interactive,10,2,1
1.1948120594024658,0,1,10,other-owner,agent,5,4,1
1.2440669536590576,0,1,10,demo-owner,agent,5,4,1
1.2440669536590576,0,1,10,demo-owner,interactive,10,3,1
1.2440669536590576,0,1,10,other-owner,agent,5,4,1
1.2941529750823975,0,2,10,demo-owner,agent,5,5,1
1.2941529750823975,0,2,10,demo-owner,interactive,10,2,1
1.2941529750823975,0,2,10,other-owner,agent,5,5,1
1.3497679233551025,0,1,10,demo-owner,agent,5,4,1
1.3497679233551025,0,1,10,demo-owner,interactive,10,2,1
1.3497679233551025,0,1,10,other-owner,agent,5,5,1
1.3953540325164795,0,1,10,demo-owner,agent,5,4,1
1.3953540325164795,0,1,10,demo-owner,interactive,10,2,1
1.3953540325164795,0,1,10,other-owner,agent,5,5,1
1.4462449550628662,0,1,10,demo-owner,agent,5,5,1
1.4462449550628662,0,1,10,demo-owner,interactive,10,2,1
1.4462449550628662,0,1,10,other-owner,agent,5,4,1
1.494359016418457,0,1,10,demo-owner,agent,5,4,1
1.494359016418457,0,1,10,demo-owner,interactive,10,2,1
1.494359016418457,0,1,10,other-owner,agent,5,5,1
1.5459949970245361,0,0,10,demo-owner,agent,5,4,1
1.5459949970245361,0,0,10,demo-owner,interactive,10,2,1
1.5459949970245361,0,0,10,other-owner,agent,5,4,1
1.5955638885498047,0,0,10,demo-owner,agent,5,4,1
1.5955638885498047,0,0,10,demo-owner,interactive,10,2,1
1.5955638885498047,0,0,10,other-owner,agent,5,4,1
1.64565110206604,0,1,10,demo-owner,agent,5,4,1
1.64565110206604,0,1,10,demo-owner,interactive,10,2,1
1.64565110206604,0,1,10,other-owner,agent,5,5,1
1.695430040359497,0,1,10,demo-owner,agent,5,5,1
1.695430040359497,0,1,10,demo-owner,interactive,10,2,1
1.695430040359497,0,1,10,other-owner,agent,5,4,1
1.745919942855835,0,0,10,demo-owner,agent,5,5,1
1.745919942855835,0,0,10,demo-owner,interactive,10,2,1
1.745919942855835,0,0,10,other-owner,agent,5,3,1
1.7942240238189697,0,0,10,demo-owner,agent,5,5,1
1.7942240238189697,0,0,10,demo-owner,interactive,10,2,1
1.7942240238189697,0,0,10,other-owner,agent,5,3,1
1.8451321125030518,0,1,10,demo-owner,agent,5,4,1
1.8451321125030518,0,1,10,demo-owner,interactive,10,2,1
1.8451321125030518,0,1,10,other-owner,agent,5,5,1
1.8949201107025146,0,1,10,demo-owner,agent,5,4,1
1.8949201107025146,0,1,10,demo-owner,interactive,10,2,1
1.8949201107025146,0,1,10,other-owner,agent,5,5,1
1.9449000358581543,0,0,10,demo-owner,agent,5,3,1
1.9449000358581543,0,0,10,demo-owner,interactive,10,2,1
1.9449000358581543,0,0,10,other-owner,agent,5,5,1
1.9948410987854004,0,0,10,demo-owner,agent,5,3,1
1.9948410987854004,0,0,10,demo-owner,interactive,10,2,1
1.9948410987854004,0,0,10,other-owner,agent,5,5,1
2.044858932495117,0,0,10,demo-owner,agent,2,4,2
2.044858932495117,0,0,10,demo-owner,interactive,10,2,1
2.044858932495117,0,0,10,other-owner,agent,2,4,2
2.1006600856781006,0,0,8,demo-owner,agent,2,3,2
2.1006600856781006,0,0,8,demo-owner,interactive,10,2,1
2.1006600856781006,0,0,8,other-owner,agent,2,3,2
2.1461310386657715,0,0,6,demo-owner,agent,2,2,2
2.1461310386657715,0,0,6,demo-owner,interactive,10,2,1
2.1461310386657715,0,0,6,other-owner,agent,2,2,2
2.195111036300659,0,0,5,demo-owner,agent,2,2,2
2.195111036300659,0,0,5,demo-owner,interactive,10,2,1
2.195111036300659,0,0,5,other-owner,agent,2,1,2
2.2443459033966064,0,0,5,demo-owner,agent,2,1,2
2.2443459033966064,0,0,5,demo-owner,interactive,10,2,1
2.2443459033966064,0,0,5,other-owner,agent,2,2,2
2.2944459915161133,0,0,6,demo-owner,agent,2,2,2
2.2944459915161133,0,0,6,demo-owner,interactive,10,2,1
2.2944459915161133,0,0,6,other-owner,agent,2,2,2
2.3454039096832275,0,0,6,demo-owner,agent,2,2,2
2.3454039096832275,0,0,6,demo-owner,interactive,10,2,1
2.3454039096832275,0,0,6,other-owner,agent,2,2,2
2.4046449661254883,0,0,5,demo-owner,agent,2,1,2
2.4046449661254883,0,0,5,demo-owner,interactive,10,2,1
2.4046449661254883,0,0,5,other-owner,agent,2,2,2
2.4460020065307617,0,0,6,demo-owner,agent,2,2,2
2.4460020065307617,0,0,6,demo-owner,interactive,10,2,1
2.4460020065307617,0,0,6,other-owner,agent,2,2,2
2.496501922607422,0,0,6,demo-owner,agent,2,2,2
2.496501922607422,0,0,6,demo-owner,interactive,10,2,1
2.496501922607422,0,0,6,other-owner,agent,2,2,2
2.5445868968963623,0,0,6,demo-owner,agent,2,2,2
2.5445868968963623,0,0,6,demo-owner,interactive,10,2,1
2.5445868968963623,0,0,6,other-owner,agent,2,2,2
2.5945889949798584,0,0,5,demo-owner,agent,2,2,2
2.5945889949798584,0,0,5,demo-owner,interactive,10,2,1
2.5945889949798584,0,0,5,other-owner,agent,2,1,2
2.645462989807129,0,0,5,demo-owner,agent,2,2,2
2.645462989807129,0,0,5,demo-owner,interactive,10,2,1
2.645462989807129,0,0,5,other-owner,agent,2,1,2
2.694369077682495,0,0,5,demo-owner,agent,2,1,2
2.694369077682495,0,0,5,demo-owner,interactive,10,2,1
2.694369077682495,0,0,5,other-owner,agent,2,2,2
2.7456560134887695,0,0,6,demo-owner,agent,2,2,2
2.7456560134887695,0,0,6,demo-owner,interactive,10,2,1
2.7456560134887695,0,0,6,other-owner,agent,2,2,2
2.7952370643615723,0,0,6,demo-owner,agent,2,2,2
2.7952370643615723,0,0,6,demo-owner,interactive,10,2,1
2.7952370643615723,0,0,6,other-owner,agent,2,2,2
2.844870090484619,0,0,6,demo-owner,agent,2,2,2
2.844870090484619,0,0,6,demo-owner,interactive,10,2,1
2.844870090484619,0,0,6,other-owner,agent,2,2,2
2.8954389095306396,0,0,6,demo-owner,agent,2,2,2
2.8954389095306396,0,0,6,demo-owner,interactive,10,2,1
2.8954389095306396,0,0,6,other-owner,agent,2,2,2
2.9446449279785156,0,0,6,demo-owner,agent,2,2,2
2.9446449279785156,0,0,6,demo-owner,interactive,10,2,1
2.9446449279785156,0,0,6,other-owner,agent,2,2,2
2.9951250553131104,0,0,6,demo-owner,agent,2,2,2
2.9951250553131104,0,0,6,demo-owner,interactive,10,2,1
2.9951250553131104,0,0,6,other-owner,agent,2,2,2
3.0458929538726807,0,0,4,demo-owner,agent,2,1,2
3.0458929538726807,0,0,4,demo-owner,interactive,10,2,1
3.0458929538726807,0,0,4,other-owner,agent,2,1,2
3.0941030979156494,0,0,6,demo-owner,agent,2,2,2
3.0941030979156494,0,0,6,demo-owner,interactive,10,2,1
3.0941030979156494,0,0,6,other-owner,agent,2,2,2
3.14471697807312,0,0,6,demo-owner,agent,2,2,2
3.14471697807312,0,0,6,demo-owner,interactive,10,2,1
3.14471697807312,0,0,6,other-owner,agent,2,2,2
3.1958138942718506,0,0,6,demo-owner,agent,2,2,2
3.1958138942718506,0,0,6,demo-owner,interactive,10,2,1
3.1958138942718506,0,0,6,other-owner,agent,2,2,2
3.2456159591674805,0,0,6,demo-owner,agent,2,2,2
3.2456159591674805,0,0,6,demo-owner,interactive,10,2,1
3.2456159591674805,0,0,6,other-owner,agent,2,2,2
3.293945074081421,0,0,5,demo-owner,agent,2,2,2
3.293945074081421,0,0,5,demo-owner,interactive,10,2,1
3.293945074081421,0,0,5,other-owner,agent,2,1,2
3.345309019088745,0,0,5,demo-owner,agent,2,1,2
3.345309019088745,0,0,5,demo-owner,interactive,10,2,1
3.345309019088745,0,0,5,other-owner,agent,2,2,2
3.3955841064453125,0,0,6,demo-owner,agent,2,2,2
3.3955841064453125,0,0,6,demo-owner,interactive,10,2,1
3.3955841064453125,0,0,6,other-owner,agent,2,2,2
3.4454989433288574,0,0,6,demo-owner,agent,2,2,2
3.4454989433288574,0,0,6,demo-owner,interactive,10,2,1
3.4454989433288574,0,0,6,other-owner,agent,2,2,2
3.4943959712982178,0,0,6,demo-owner,agent,2,2,2
3.4943959712982178,0,0,6,demo-owner,interactive,10,2,1
3.4943959712982178,0,0,6,other-owner,agent,2,2,2
3.5449070930480957,0,0,6,demo-owner,agent,2,2,2
3.5449070930480957,0,0,6,demo-owner,interactive,10,2,1
3.5449070930480957,0,0,6,other-owner,agent,2,2,2
3.5955159664154053,0,0,6,demo-owner,agent,2,2,2
3.5955159664154053,0,0,6,demo-owner,interactive,10,2,1
3.5955159664154053,0,0,6,other-owner,agent,2,2,2
3.6456189155578613,0,0,6,demo-owner,agent,2,2,2
3.6456189155578613,0,0,6,demo-owner,interactive,10,2,1
3.6456189155578613,0,0,6,other-owner,agent,2,2,2
3.694448947906494,0,0,6,demo-owner,agent,2,2,2
3.694448947906494,0,0,6,demo-owner,interactive,10,2,1
3.694448947906494,0,0,6,other-owner,agent,2,2,2
3.745452880859375,0,0,6,demo-owner,agent,2,2,2
3.745452880859375,0,0,6,demo-owner,interactive,10,2,1
3.745452880859375,0,0,6,other-owner,agent,2,2,2
3.79499888420105,0,0,5,demo-owner,agent,2,1,2
3.79499888420105,0,0,5,demo-owner,interactive,10,2,1
3.79499888420105,0,0,5,other-owner,agent,2,2,2
3.845573902130127,0,0,6,demo-owner,agent,2,2,2
3.845573902130127,0,0,6,demo-owner,interactive,10,2,1
3.845573902130127,0,0,6,other-owner,agent,2,2,2
3.894439935684204,0,0,6,demo-owner,agent,2,2,2
3.894439935684204,0,0,6,demo-owner,interactive,10,2,1
3.894439935684204,0,0,6,other-owner,agent,2,2,2
3.944375991821289,0,0,4,demo-owner,agent,2,1,2
3.944375991821289,0,0,4,demo-owner,interactive,10,2,1
3.944375991821289,0,0,4,other-owner,agent,2,1,2
3.994826078414917,0,0,6,demo-owner,agent,2,2,2
3.994826078414917,0,0,6,demo-owner,interactive,10,2,1
3.994826078414917,0,0,6,other-owner,agent,2,2,2
4.045387029647827,0,0,6,demo-owner,agent,2,2,2
4.045387029647827,0,0,6,demo-owner,interactive,10,2,1
4.045387029647827,0,0,6,other-owner,agent,2,2,2
4.095273971557617,0,0,6,demo-owner,agent,2,2,2
4.095273971557617,0,0,6,demo-owner,interactive,10,2,1
4.095273971557617,0,0,6,other-owner,agent,2,2,2
4.145118951797485,0,0,6,demo-owner,agent,2,2,2
4.145118951797485,0,0,6,demo-owner,interactive,10,2,1
4.145118951797485,0,0,6,other-owner,agent,2,2,2
4.195393085479736,0,0,6,demo-owner,agent,2,2,2
4.195393085479736,0,0,6,demo-owner,interactive,10,2,1
4.195393085479736,0,0,6,other-owner,agent,2,2,2
4.245198011398315,0,0,5,demo-owner,agent,2,1,2
4.245198011398315,0,0,5,demo-owner,interactive,10,2,1
4.245198011398315,0,0,5,other-owner,agent,2,2,2
4.294841051101685,0,0,6,demo-owner,agent,2,2,2
4.294841051101685,0,0,6,demo-owner,interactive,10,2,1
4.294841051101685,0,0,6,other-owner,agent,2,2,2
4.3445329666137695,0,0,6,demo-owner,agent,2,2,2
4.3445329666137695,0,0,6,demo-owner,interactive,10,2,1
4.3445329666137695,0,0,6,other-owner,agent,2,2,2
4.395056962966919,0,0,4,demo-owner,agent,2,1,2
4.395056962966919,0,0,4,demo-owner,interactive,10,2,1
4.395056962966919,0,0,4,other-owner,agent,2,1,2
4.445198059082031,0,0,6,demo-owner,agent,2,2,2
4.445198059082031,0,0,6,demo-owner,interactive,10,2,1
4.445198059082031,0,0,6,other-owner,agent,2,2,2
4.4954609870910645,0,0,6,demo-owner,agent,2,2,2
4.4954609870910645,0,0,6,demo-owner,interactive,10,2,1
4.4954609870910645,0,0,6,other-owner,agent,2,2,2
4.544769048690796,0,0,6,demo-owner,agent,2,2,2
4.544769048690796,0,0,6,demo-owner,interactive,10,2,1
4.544769048690796,0,0,6,other-owner,agent,2,2,2
4.595855951309204,0,0,6,demo-owner,agent,2,2,2
4.595855951309204,0,0,6,demo-owner,interactive,10,2,1
4.595855951309204,0,0,6,other-owner,agent,2,2,2
4.644953012466431,0,0,6,demo-owner,agent,2,2,2
4.644953012466431,0,0,6,demo-owner,interactive,10,2,1
4.644953012466431,0,0,6,other-owner,agent,2,2,2
4.694504976272583,0,0,6,demo-owner,agent,2,2,2
4.694504976272583,0,0,6,demo-owner,interactive,10,2,1
4.694504976272583,0,0,6,other-owner,agent,2,2,2
4.745438098907471,0,0,6,demo-owner,agent,2,2,2
4.745438098907471,0,0,6,demo-owner,interactive,10,2,1
4.745438098907471,0,0,6,other-owner,agent,2,2,2
4.795377016067505,0,0,6,demo-owner,agent,2,2,2
4.795377016067505,0,0,6,demo-owner,interactive,10,2,1
4.795377016067505,0,0,6,other-owner,agent,2,2,2
4.8454320430755615,0,0,5,demo-owner,agent,2,2,2
4.8454320430755615,0,0,5,demo-owner,interactive,10,2,1
4.8454320430755615,0,0,5,other-owner,agent,2,1,2
4.893965005874634,0,0,6,demo-owner,agent,2,2,2
4.893965005874634,0,0,6,demo-owner,interactive,10,2,1
4.893965005874634,0,0,6,other-owner,agent,2,2,2
4.94506311416626,0,0,6,demo-owner,agent,2,2,2
4.94506311416626,0,0,6,demo-owner,interactive,10,2,1
4.94506311416626,0,0,6,other-owner,agent,2,2,2
4.995589017868042,0,0,6,demo-owner,agent,2,2,2
4.995589017868042,0,0,6,demo-owner,interactive,10,2,1
4.995589017868042,0,0,6,other-owner,agent,2,2,2
5.045666933059692,0,0,10,demo-owner,agent,5,3,3
5.045666933059692,0,0,10,demo-owner,interactive,10,2,1
5.045666933059692,0,0,10,other-owner,agent,5,5,3
5.093867063522339,0,2,10,demo-owner,agent,5,5,3
5.093867063522339,0,2,10,demo-owner,interactive,10,2,1
5.093867063522339,0,2,10,other-owner,agent,5,5,3
5.144949913024902,1,1,10,demo-owner,agent,5,5,3
5.144949913024902,1,1,10,demo-owner,interactive,10,2,1
5.144949913024902,1,1,10,other-owner,agent,5,5,3
5.195844888687134,1,0,10,demo-owner,agent,5,5,3
5.195844888687134,1,0,10,demo-owner,interactive,10,2,1
5.195844888687134,1,0,10,other-owner,agent,5,4,3
5.244784116744995,0,0,10,demo-owner,agent,5,5,3
5.244784116744995,0,0,10,demo-owner,interactive,10,2,1
5.244784116744995,0,0,10,other-owner,agent,5,3,3
5.294236898422241,0,2,10,demo-owner,agent,5,5,3
5.294236898422241,0,2,10,demo-owner,interactive,10,2,1
5.294236898422241,0,2,10,other-owner,agent,5,5,3
5.345199108123779,1,2,10,demo-owner,agent,5,5,3
5.345199108123779,1,2,10,demo-owner,interactive,10,3,1
5.345199108123779,1,2,10,other-owner,agent,5,5,3
5.395634889602661,1,1,10,demo-owner,agent,5,4,3
5.395634889602661,1,1,10,demo-owner,interactive,10,3,1
5.395634889602661,1,1,10,other-owner,agent,5,5,3
5.444629907608032,0,0,10,demo-owner,agent,5,4,3
5.444629907608032,0,0,10,demo-owner,interactive,10,2,1
5.444629907608032,0,0,10,other-owner,agent,5,4,3
5.494607925415039,0,2,10,demo-owner,agent,5,5,3
5.494607925415039,0,2,10,demo-owner,interactive,10,2,1
5.494607925415039,0,2,10,other-owner,agent,5,5,3
5.544388055801392,1,2,10,demo-owner,agent,5,5,3
5.544388055801392,1,2,10,demo-owner,interactive,10,3,1
5.544388055801392,1,2,10,other-owner,agent,5,5,3
5.595124006271362,1,1,10,demo-owner,agent,5,4,3
5.595124006271362,1,1,10,demo-owner,interactive,10,3,1
5.595124006271362,1,1,10,other-owner,agent,5,5,3
5.644519090652466,0,0,9,demo-owner,agent,5,3,3
5.644519090652466,0,0,9,demo-owner,interactive,10,2,1
5.644519090652466,0,0,9,other-owner,agent,5,4,3
5.69612193107605,0,1,10,demo-owner,agent,5,4,3
5.69612193107605,0,1,10,demo-owner,interactive,10,2,1
5.69612193107605,0,1,10,other-owner,agent,5,5,3
5.745428085327148,1,2,10,demo-owner,agent,5,5,3
5.745428085327148,1,2,10,demo-owner,interactive,10,3,1
5.745428085327148,1,2,10,other-owner,agent,5,5,3
5.795291900634766,1,1,10,demo-owner,agent,5,5,3
5.795291900634766,1,1,10,demo-owner,interactive,10,3,1
5.795291900634766,1,1,10,other-owner,agent,5,4,3
5.845443964004517,0,1,10,demo-owner,agent,5,5,3
5.845443964004517,0,1,10,demo-owner,interactive,10,2,1
5.845443964004517,0,1,10,other-owner,agent,5,4,3
5.905946969985962,0,2,10,demo-owner,agent,5,5,3
5.905946969985962,0,2,10,demo-owner,interactive,10,2,1
5.905946969985962,0,2,10,other-owner,agent,5,5,3
5.94439697265625,1,2,10,demo-owner,agent,5,5,3
5.94439697265625,1,2,10,demo-owner,interactive,10,3,1
5.94439697265625,1,2,10,other-owner,agent,5,5,3
5.995233058929443,0,2,10,demo-owner,agent,5,4,3
5.995233058929443,0,2,10,demo-owner,interactive,10,3,1
5.995233058929443,0,2,10,other-owner,agent,5,5,3
6.045450925827026,0,0,9,demo-owner,agent,5,4,3
6.045450925827026,0,0,9,demo-owner,interactive,10,2,1
6.045450925827026,0,0,9,other-owner,agent,5,3,3
6.09443211555481,0,2,10,demo-owner,agent,5,5,3
6.09443211555481,0,2,10,demo-owner,interactive,10,2,1
6.09443211555481,0,2,10,other-owner,agent,5,5,3
6.145009994506836,1,2,10,demo-owner,agent,5,5,3
6.145009994506836,1,2,10,demo-owner,interactive,10,3,1
6.145009994506836,1,2,10,other-owner,agent,5,5,3
6.1940789222717285,0,2,10,demo-owner,agent,5,5,3
6.1940789222717285,0,2,10,demo-owner,interactive,10,2,1
6.1940789222717285,0,2,10,other-owner,agent,5,5,3
6.245973110198975,0,2,10,demo-owner,agent,5,5,3
6.245973110198975,0,2,10,demo-owner,interactive,10,2,1
6.245973110198975,0,2,10,other-owner,agent,5,5,3
6.2954020500183105,0,2,10,demo-owner,agent,5,5,3
6.2954020500183105,0,2,10,demo-owner,interactive,10,2,1
6.2954020500183105,0,2,10,other-owner,agent,5,5,3
6.344121932983398,1,2,10,demo-owner,agent,5,5,3
6.344121932983398,1,2,10,demo-owner,interactive,10,3,1
6.344121932983398,1,2,10,other-owner,agent,5,5,3
6.394865036010742,1,2,10,demo-owner,agent,5,5,3
6.394865036010742,1,2,10,demo-owner,interactive,10,3,1
6.394865036010742,1,2,10,other-owner,agent,5,5,3
6.444952011108398,0,1,10,demo-owner,agent,5,5,3
6.444952011108398,0,1,10,demo-owner,interactive,10,2,1
6.444952011108398,0,1,10,other-owner,agent,5,4,3
6.494931936264038,0,2,10,demo-owner,agent,5,5,3
6.494931936264038,0,2,10,demo-owner,interactive,10,2,1
6.494931936264038,0,2,10,other-owner,agent,5,5,3
6.543903112411499,1,2,10,demo-owner,agent,5,5,3
6.543903112411499,1,2,10,demo-owner,interactive,10,3,1
6.543903112411499,1,2,10,other-owner,agent,5,5,3
6.594332933425903,1,2,10,demo-owner,agent,5,5,3
6.594332933425903,1,2,10,demo-owner,interactive,10,3,1
6.594332933425903,1,2,10,other-owner,agent,5,5,3
6.644273042678833,1,0,10,demo-owner,agent,5,4,3
6.644273042678833,1,0,10,demo-owner,interactive,10,3,1
6.644273042678833,1,0,10,other-owner,agent,5,4,3
6.694716930389404,0,1,10,demo-owner,agent,5,4,3
6.694716930389404,0,1,10,demo-owner,interactive,10,2,1
6.694716930389404,0,1,10,other-owner,agent,5,5,3
6.746259927749634,1,1,10,demo-owner,agent,5,4,3
6.746259927749634,1,1,10,demo-owner,interactive,10,3,1
6.746259927749634,1,1,10,other-owner,agent,5,5,3
6.79460597038269,1,2,10,demo-owner,agent,5,5,3
6.79460597038269,1,2,10,demo-owner,interactive,10,3,1
6.79460597038269,1,2,10,other-owner,agent,5,5,3
6.845590114593506,1,1,10,demo-owner,agent,5,5,3
6.845590114593506,1,1,10,demo-owner,interactive,10,3,1
6.845590114593506,1,1,10,other-owner,agent,5,4,3
6.894906997680664,0,0,9,demo-owner,agent,5,5,3
6.894906997680664,0,0,9,demo-owner,interactive,10,2,1
6.894906997680664,0,0,9,other-owner,agent,5,2,3
6.944885015487671,0,3,10,demo-owner,agent,5,5,3
6.944885015487671,0,3,10,demo-owner,interactive,10,3,1
6.944885015487671,0,3,10,other-owner,agent,5,5,3
6.995047092437744,0,3,10,demo-owner,agent,5,5,3
6.995047092437744,0,3,10,demo-owner,interactive,10,3,1
6.995047092437744,0,3,10,other-owner,agent,5,5,3
7.044548034667969,1,2,10,demo-owner,agent,5,5,3
7.044548034667969,1,2,10,demo-owner,interactive,10,3,1
7.044548034667969,1,2,10,other-owner,agent,5,5,3
7.094717979431152,0,0,10,demo-owner,agent,5,3,3
7.094717979431152,0,0,10,demo-owner,interactive,10,2,1
7.094717979431152,0,0,10,other-owner,agent,5,5,3
7.145685911178589,0,1,10,demo-owner,agent,5,5,3
7.145685911178589,0,1,10,demo-owner,interactive,10,2,1
7.145685911178589,0,1,10,other-owner,agent,5,4,3
7.195085048675537,0,2,10,demo-owner,agent,5,5,3
7.195085048675537,0,2,10,demo-owner,interactive,10,2,1
7.195085048675537,0,2,10,other-owner,agent,5,5,3
7.246011018753052,1,2,10,demo-owner,agent,5,5,3
7.246011018753052,1,2,10,demo-owner,interactive,10,3,1
7.246011018753052,1,2,10,other-owner,agent,5,5,3
7.304224967956543,0,0,10,demo-owner,agent,5,3,3
7.304224967956543,0,0,10,demo-owner,interactive,10,2,1
7.304224967956543,0,0,10,other-owner,agent,5,5,3
7.344599962234497,0,2,10,demo-owner,agent,5,5,3
7.344599962234497,0,2,10,demo-owner,interactive,10,2,1
7.344599962234497,0,2,10,other-owner,agent,5,5,3
7.395349979400635,0,2,10,demo-owner,agent,5,5,3
7.395349979400635,0,2,10,demo-owner,interactive,10,2,1
7.395349979400635,0,2,10,other-owner,agent,5,5,3
7.4455931186676025,1,2,10,demo-owner,agent,5,5,3
7.4455931186676025,1,2,10,demo-owner,interactive,10,3,1
7.4455931186676025,1,2,10,other-owner,agent,5,5,3
7.495448112487793,0,0,10,demo-owner,agent,5,5,3
7.495448112487793,0,0,10,demo-owner,interactive,10,2,1
7.495448112487793,0,0,10,other-owner,agent,5,3,3
7.545480012893677,0,1,10,demo-owner,agent,5,4,3
7.545480012893677,0,1,10,demo-owner,interactive,10,2,1
7.545480012893677,0,1,10,other-owner,agent,5,5,3
7.5954389572143555,0,2,10,demo-owner,agent,5,5,3
7.5954389572143555,0,2,10,demo-owner,interactive,10,2,1
7.5954389572143555,0,2,10,other-owner,agent,5,5,3
7.645634889602661,1,2,10,demo-owner,agent,5,5,3
7.645634889602661,1,2,10,demo-owner,interactive,10,3,1
7.645634889602661,1,2,10,other-owner,agent,5,5,3
7.695319890975952,0,2,10,demo-owner,agent,5,5,3
7.695319890975952,0,2,10,demo-owner,interactive,10,2,1
7.695319890975952,0,2,10,other-owner,agent,5,5,3
7.74432110786438,0,1,10,demo-owner,agent,5,5,3
7.74432110786438,0,1,10,demo-owner,interactive,10,2,1
7.74432110786438,0,1,10,other-owner,agent,5,4,3
7.7950708866119385,0,2,10,demo-owner,agent,5,5,3
7.7950708866119385,0,2,10,demo-owner,interactive,10,2,1
7.7950708866119385,0,2,10,other-owner,agent,5,5,3
7.845195055007935,1,2,10,demo-owner,agent,5,5,3
7.845195055007935,1,2,10,demo-owner,interactive,10,3,1
7.845195055007935,1,2,10,other-owner,agent,5,5,3
7.894534111022949,0,1,10,demo-owner,agent,5,4,3
7.894534111022949,0,1,10,demo-owner,interactive,10,2,1
7.894534111022949,0,1,10,other-owner,agent,5,5,3
7.946929931640625,0,0,10,demo-owner,agent,5,4,3
7.946929931640625,0,0,10,demo-owner,interactive,10,2,1
7.946929931640625,0,0,10,other-owner,agent,5,4,3
7.99429988861084,0,2,10,demo-owner,agent,5,5,3
7.99429988861084,0,2,10,demo-owner,interactive,10,2,1
7.99429988861084,0,2,10,other-owner,agent,5,5,3
8.04605507850647,0,2,10,demo-owner,agent,5,5,3
8.04605507850647,0,2,10,demo-owner,interactive,10,2,1
8.04605507850647,0,2,10,other-owner,agent,5,5,3
8.095439910888672,0,0,9,demo-owner,agent,5,4,3
8.095439910888672,0,0,9,demo-owner,interactive,10,1,1
8.095439910888672,0,0,9,other-owner,agent,5,4,3
8.144217014312744,0,0,4,demo-owner,agent,5,1,3
8.144217014312744,0,0,4,demo-owner,interactive,10,0,1
8.144217014312744,0,0,4,other-owner,agent,5,3,3
8.195364952087402,0,0,10,demo-owner,agent,5,5,3
8.195364952087402,0,0,10,demo-owner,interactive,10,0,1
8.195364952087402,0,0,10,other-owner,agent,5,5,3
8.245789051055908,0,0,10,demo-owner,agent,5,5,3
8.245789051055908,0,0,10,demo-owner,interactive,10,0,1
8.245789051055908,0,0,10,other-owner,agent,5,5,3
8.29460096359253,0,0,8,demo-owner,agent,5,4,3
8.29460096359253,0,0,8,demo-owner,interactive,10,0,1
8.29460096359253,0,0,8,other-owner,agent,5,4,3
8.344899892807007,0,0,8,demo-owner,agent,5,4,3
8.344899892807007,0,0,8,demo-owner,interactive,10,0,1
8.344899892807007,0,0,8,other-owner,agent,5,4,3
8.394685983657837,0,0,9,demo-owner,agent,5,4,3
8.394685983657837,0,0,9,demo-owner,interactive,10,0,1
8.394685983657837,0,0,9,other-owner,agent,5,5,3
8.444622993469238,0,0,10,demo-owner,agent,5,5,3
8.444622993469238,0,0,10,demo-owner,interactive,10,0,1
8.444622993469238,0,0,10,other-owner,agent,5,5,3
8.494086027145386,0,0,10,demo-owner,agent,5,5,3
8.494086027145386,0,0,10,demo-owner,interactive,10,0,1
8.494086027145386,0,0,10,other-owner,agent,5,5,3
8.54564094543457,0,0,9,demo-owner,agent,5,5,3
8.54564094543457,0,0,9,demo-owner,interactive,10,0,1
8.54564094543457,0,0,9,other-owner,agent,5,4,3
8.595079898834229,0,0,7,demo-owner,agent,5,3,3
8.595079898834229,0,0,7,demo-owner,interactive,10,0,1
8.595079898834229,0,0,7,other-owner,agent,5,4,3
8.645524978637695,0,0,8,demo-owner,agent,5,4,3
8.645524978637695,0,0,8,demo-owner,interactive,10,0,1
8.645524978637695,0,0,8,other-owner,agent,5,4,3
8.696820974349976,0,0,9,demo-owner,agent,5,5,3
8.696820974349976,0,0,9,demo-owner,interactive,10,0,1
8.696820974349976,0,0,9,other-owner,agent,5,4,3
8.746211051940918,0,0,10,demo-owner,agent,5,5,3
8.746211051940918,0,0,10,demo-owner,interactive,10,0,1
8.746211051940918,0,0,10,other-owner,agent,5,5,3
8.794893026351929,0,0,7,demo-owner,agent,5,3,3
8.794893026351929,0,0,7,demo-owner,interactive,10,0,1
8.794893026351929,0,0,7,other-owner,agent,5,4,3
8.845843076705933,0,0,8,demo-owner,agent,5,3,3
8.845843076705933,0,0,8,demo-owner,interactive,10,0,1
8.845843076705933,0,0,8,other-owner,agent,5,5,3
8.89525294303894,0,0,8,demo-owner,agent,5,3,3
8.89525294303894,0,0,8,demo-owner,interactive,10,0,1
8.89525294303894,0,0,8,other-owner,agent,5,5,3
8.944325923919678,0,0,9,demo-owner,agent,5,5,3
8.944325923919678,0,0,9,demo-owner,interactive,10,0,1
8.944325923919678,0,0,9,other-owner,agent,5,4,3
8.993956089019775,0,0,9,demo-owner,agent,5,5,3
8.993956089019775,0,0,9,demo-owner,interactive,10,0,1
8.993956089019775,0,0,9,other-owner,agent,5,4,3
9.045800924301147,0,0,8,demo-owner,agent,5,4,3
9.045800924301147,0,0,8,demo-owner,interactive,10,0,1
9.045800924301147,0,0,8,other-owner,agent,5,4,3
9.095328092575073,0,0,8,demo-owner,agent,5,3,3
9.095328092575073,0,0,8,demo-owner,interactive,10,0,1
9.095328092575073,0,0,8,other-owner,agent,5,5,3
9.145848989486694,0,0,7,demo-owner,agent,5,2,3
9.145848989486694,0,0,7,demo-owner,interactive,10,0,1
9.145848989486694,0,0,7,other-owner,agent,5,5,3
9.196994066238403,0,0,7,demo-owner,agent,5,2,3
9.196994066238403,0,0,7,demo-owner,interactive,10,0,1
9.196994066238403,0,0,7,other-owner,agent,5,5,3
9.244926929473877,0,0,6,demo-owner,agent,5,3,3
9.244926929473877,0,0,6,demo-owner,interactive,10,0,1
9.244926929473877,0,0,6,other-owner,agent,5,3,3
9.29519009590149,0,0,7,demo-owner,agent,5,4,3
9.29519009590149,0,0,7,demo-owner,interactive,10,0,1
9.29519009590149,0,0,7,other-owner,agent,5,3,3
9.345002889633179,0,0,7,demo-owner,agent,5,4,3
9.345002889633179,0,0,7,demo-owner,interactive,10,0,1
9.345002889633179,0,0,7,other-owner,agent,5,3,3
9.396301031112671,0,0,9,demo-owner,agent,5,4,3
9.396301031112671,0,0,9,demo-owner,interactive,10,0,1
9.396301031112671,0,0,9,other-owner,agent,5,5,3
9.44515609741211,0,0,7,demo-owner,agent,5,2,3
9.44515609741211,0,0,7,demo-owner,interactive,10,0,1
9.44515609741211,0,0,7,other-owner,agent,5,5,3
9.49592900276184,0,0,7,demo-owner,agent,5,3,3
9.49592900276184,0,0,7,demo-owner,interactive,10,0,1
9.49592900276184,0,0,7,other-owner,agent,5,4,3
9.549330949783325,0,0,7,demo-owner,agent,5,3,3
9.549330949783325,0,0,7,demo-owner,interactive,10,0,1
9.549330949783325,0,0,7,other-owner,agent,5,4,3
9.595031976699829,0,0,8,demo-owner,agent,5,5,3
9.595031976699829,0,0,8,demo-owner,interactive,10,0,1
9.595031976699829,0,0,8,other-owner,agent,5,3,3
9.645239114761353,0,0,6,demo-owner,agent,5,4,3
9.645239114761353,0,0,6,demo-owner,interactive,10,0,1
9.645239114761353,0,0,6,other-owner,agent,5,2,3
9.69467306137085,0,0,4,demo-owner,agent,5,2,3
9.69467306137085,0,0,4,demo-owner,interactive,10,0,1
9.69467306137085,0,0,4,other-owner,agent,5,2,3
9.745666980743408,0,0,5,demo-owner,agent,5,3,3
9.745666980743408,0,0,5,demo-owner,interactive,10,0,1
9.745666980743408,0,0,5,other-owner,agent,5,2,3
9.794800043106079,0,0,7,demo-owner,agent,5,4,3
9.794800043106079,0,0,7,demo-owner,interactive,10,0,1
9.794800043106079,0,0,7,other-owner,agent,5,3,3
9.846276998519897,0,0,6,demo-owner,agent,5,4,3
9.846276998519897,0,0,6,demo-owner,interactive,10,0,1
9.846276998519897,0,0,6,other-owner,agent,5,2,3
9.895916938781738,0,0,7,demo-owner,agent,5,4,3
9.895916938781738,0,0,7,demo-owner,interactive,10,0,1
9.895916938781738,0,0,7,other-owner,agent,5,3,3
9.944650888442993,0,0,7,demo-owner,agent,5,3,3
9.944650888442993,0,0,7,demo-owner,interactive,10,0,1
9.944650888442993,0,0,7,other-owner,agent,5,4,3
9.994187116622925,0,0,7,demo-owner,agent,5,3,3
9.994187116622925,0,0,7,demo-owner,interactive,10,0,1
9.994187116622925,0,0,7,other-owner,agent,5,4,3
10.045387029647827,0,0,6,demo-owner,agent,5,3,3
10.045387029647827,0,0,6,demo-owner,interactive,10,0,1
10.045387029647827,0,0,6,other-owner,agent,5,3,3
10.09580111503601,0,0,5,demo-owner,agent,5,3,3
10.09580111503601,0,0,5,demo-owner,interactive,10,0,1
10.09580111503601,0,0,5,other-owner,agent,5,2,3
10.145189046859741,0,0,4,demo-owner,agent,5,3,3
10.145189046859741,0,0,4,demo-owner,interactive,10,0,1
10.145189046859741,0,0,4,other-owner,agent,5,1,3
10.195049047470093,0,0,2,demo-owner,agent,5,1,3
10.195049047470093,0,0,2,demo-owner,interactive,10,0,1
10.195049047470093,0,0,2,other-owner,agent,5,1,3
10.245376110076904,0,0,0,demo-owner,agent,5,0,3
10.245376110076904,0,0,0,demo-owner,interactive,10,0,1
10.245376110076904,0,0,0,other-owner,agent,5,0,3
10.29583191871643,0,0,0,demo-owner,agent,5,0,3
10.29583191871643,0,0,0,demo-owner,interactive,10,0,1
10.29583191871643,0,0,0,other-owner,agent,5,0,3
10.344517946243286,0,0,0,demo-owner,agent,5,0,3
10.344517946243286,0,0,0,demo-owner,interactive,10,0,1
10.344517946243286,0,0,0,other-owner,agent,5,0,3
10.395132064819336,0,0,0,demo-owner,agent,5,0,3
10.395132064819336,0,0,0,demo-owner,interactive,10,0,1
10.395132064819336,0,0,0,other-owner,agent,5,0,3
10.444674968719482,0,0,0,demo-owner,agent,5,0,3
10.444674968719482,0,0,0,demo-owner,interactive,10,0,1
10.444674968719482,0,0,0,other-owner,agent,5,0,3
10.495467901229858,0,0,1,demo-owner,agent,5,0,3
10.495467901229858,0,0,1,demo-owner,interactive,10,0,1
10.495467901229858,0,0,1,other-owner,agent,5,1,3
10.545500993728638,0,0,1,demo-owner,agent,5,0,3
10.545500993728638,0,0,1,demo-owner,interactive,10,0,1
10.545500993728638,0,0,1,other-owner,agent,5,1,3
10.598284006118774,0,0,1,demo-owner,agent,5,0,3
10.598284006118774,0,0,1,demo-owner,interactive,10,0,1
10.598284006118774,0,0,1,other-owner,agent,5,1,3
10.645750045776367,0,0,1,demo-owner,agent,5,0,3
10.645750045776367,0,0,1,demo-owner,interactive,10,0,1
10.645750045776367,0,0,1,other-owner,agent,5,1,3
10.695393085479736,0,0,0,demo-owner,agent,5,0,3
10.695393085479736,0,0,0,demo-owner,interactive,10,0,1
10.695393085479736,0,0,0,other-owner,agent,5,0,3
